<?xml version="1.0" encoding="UTF-8"?>
<beans xmlns="http://www.springframework.org/schema/beans"
	xmlns:xsi="http://www.w3.org/2001/XMLSchema-instance" xmlns:p="http://www.springframework.org/schema/p"
	xmlns:context="http://www.springframework.org/schema/context"
	xmlns:mvc="http://www.springframework.org/schema/mvc"
	xsi:schemaLocation="
http://www.springframework.org/schema/beans
http://www.springframework.org/schema/beans/spring-beans.xsd
http://www.springframework.org/schema/mvc
http://www.springframework.org/schema/mvc/spring-mvc.xsd
http://www.springframework.org/schema/context
http://www.springframework.org/schema/context/spring-context.xsd">

	<!-- 后端控制器部分 -->
	<context:annotation-config/>
	<mvc:annotation-driven></mvc:annotation-driven>
	<context:component-scan base-package="com.robot.taskcontroller.servlet"></context:component-scan>


	<!--默认的UrlHandlerMapping -->
	<bean
		class="org.springframework.web.servlet.handler.BeanNameUrlHandlerMapping"></bean>
	<bean
		class="org.springframework.web.servlet.mvc.SimpleControllerHandlerAdapter"></bean>
	<bean
		class="org.springframework.web.servlet.view.InternalResourceViewResolver">
		<property name="prefix" value="/WEB-INF/jsp/" />
		<property name="suffix" value=".jsp" />
	</bean>
	<bean id="jsonConvertor"
		class="org.springframework.http.converter.json.MappingJackson2HttpMessageConverter"></bean>
	<mvc:resources mapping="/views/**" location="/WEB-INF/views/"/>
	<mvc:resources mapping="/js/**" location="/WEB-INF/js/"/>
	<mvc:resources mapping="/css/**" location="/WEB-INF/css/"/>
</beans>